customer_id,country,total_orders
ALFKI,Germany,6
ANATR,Mexico,4
ANTON,Mexico,7
AROUT,UK,13
BERGS,Sweden,18
BLAUS,Germany,7
BLONP,France,11
BOLID,Spain,3
BONAP,France,17
BOTTM,Canada,14
BSBEV,UK,10
CACTU,Argentina,6
CENTC,Mexico,1
CHOPS,Switzerland,8
COMMI,Brazil,5
CONSH,UK,3
DRACD,Germany,6
DUMON,France,4
EASTC,UK,8
ERNSH,Austria,30
FAMIA,Brazil,7
FOLIG,France,5
FOLKO,Sweden,19
FRANK,Germany,15
FRANR,France,3
FRANS,Italy,6
FURIB,Portugal,8
GALED,Spain,5
GODOS,Spain,10
GOURL,Brazil,9
GREAL,USA,11
GROSR,Venezuela,2
HANAR,Brazil,14
HILAA,Venezuela,18
HUNGC,USA,5
HUNGO,Ireland,19
ISLAT,UK,10
KOENE,Germany,14
LACOR,France,4
LAMAI,France,14
LAUGB,Canada,3
LAZYK,USA,2
LEHMS,Germany,15
LETSS,USA,4
LILAS,Venezuela,14
LINOD,Venezuela,12
LONEP,USA,8
MAGAA,Italy,10
MAISD,Belgium,7
MEREP,Canada,13
MORGK,Germany,5
NORTS,UK,3
OCEAN,Argentina,5
OLDWO,USA,10
OTTIK,Germany,10
PERIC,Mexico,6
PICCO,Austria,10
PRINI,Portugal,5
QUEDE,Brazil,9
QUEEN,Brazil,13
QUICK,Germany,28
RANCH,Argentina,5
RATTC,USA,18
REGGC,Italy,12
RICAR,Brazil,11
RICSU,Switzerland,10
ROMEY,Spain,5
SANTG,Norway,6
SAVEA,USA,31
SEVES,UK,9
SIMOB,Denmark,7
SPECD,France,4
SPLIR,USA,9
SUPRD,Belgium,12
THEBI,USA,4
THECR,USA,3
TOMSP,Germany,6
TORTU,Mexico,10
TRADH,Brazil,6
TRAIH,USA,3
VAFFE,Denmark,11
VICTE,France,10
VINET,France,5
WANDK,Germany,10
WARTH,Finland,15
WELLI,Brazil,9
WHITC,USA,14
WILMK,Finland,7
WOLZA,Poland,7
