order_id,customer_id,employee_id,order_date,ship_country,freight,item_lines,total_units,order_net_sales
10248,VINET,5,1996-07-04,France,32.38,3,27,440.0
10249,TOMSP,6,1996-07-05,Germany,11.61,2,49,1863.4
10250,HANAR,4,1996-07-08,Brazil,65.83,3,60,1552.6
10251,VICTE,3,1996-07-08,France,41.34,3,41,654.06
10252,SUPRD,4,1996-07-09,Belgium,51.3,3,105,3597.9
10253,HANAR,3,1996-07-10,Brazil,58.17,3,102,1444.8
10254,CHOPS,5,1996-07-11,Switzerland,22.98,3,57,556.62
10255,RICSU,9,1996-07-12,Switzerland,148.33,4,110,2490.5
10256,WELLI,3,1996-07-15,Brazil,13.97,2,27,517.8
10257,HILAA,4,1996-07-16,Venezuela,81.91,3,46,1119.9
10258,ERNSH,1,1996-07-17,Austria,140.51,3,121,1614.88
10259,CENTC,4,1996-07-18,Mexico,3.25,2,11,100.8
10260,OTTIK,4,1996-07-19,Germany,55.09,4,102,1504.65
10261,QUEDE,4,1996-07-19,Brazil,3.05,2,40,448.0
10262,RATTC,8,1996-07-22,USA,48.29,3,29,584.0
10263,ERNSH,9,1996-07-23,Austria,146.06,4,184,1873.8
10264,FOLKO,6,1996-07-24,Sweden,3.67,2,60,695.625
10265,BLONP,2,1996-07-25,France,55.28,2,50,1176.0
10266,WARTH,3,1996-07-26,Finland,25.73,1,12,346.56
10267,FRANK,4,1996-07-29,Germany,208.58,3,135,3536.6
10268,GROSR,8,1996-07-30,Venezuela,66.29,2,14,1101.2
10269,WHITC,5,1996-07-31,USA,4.56,2,80,642.2
10270,WARTH,1,1996-08-01,Finland,136.54,2,55,1376.0
10271,SPLIR,6,1996-08-01,USA,4.54,1,24,48.0
10272,RATTC,6,1996-08-02,USA,98.03,3,70,1456.0
10273,QUICK,3,1996-08-05,Germany,76.07,5,152,2037.28
10274,VINET,6,1996-08-06,France,6.01,2,27,538.6
10275,MAGAA,1,1996-08-07,Italy,26.93,2,18,291.84
10276,TORTU,8,1996-08-08,Mexico,13.84,2,25,420.0
10277,MORGK,2,1996-08-09,Germany,125.77,2,32,1200.8
10278,BERGS,8,1996-08-12,Sweden,92.69,4,64,1488.8
10279,LEHMS,8,1996-08-13,Germany,25.83,1,15,351.0
10280,BERGS,2,1996-08-14,Sweden,8.98,3,62,613.2
10281,ROMEY,4,1996-08-14,Spain,2.94,3,11,86.5
10282,ROMEY,4,1996-08-15,Spain,12.69,2,8,155.4
10283,LILAS,3,1996-08-16,Venezuela,84.81,4,76,1414.8
10284,LEHMS,4,1996-08-19,Germany,76.56,4,61,1170.375
10285,QUICK,1,1996-08-20,Germany,76.83,3,121,1743.36
10286,QUICK,8,1996-08-21,Germany,229.24,2,140,3016.0
10287,RICAR,8,1996-08-22,Brazil,12.76,3,75,819.0
10288,REGGC,4,1996-08-23,Italy,7.45,2,13,80.1
10289,BSBEV,7,1996-08-26,UK,22.77,2,39,479.4
10290,COMMI,8,1996-08-27,Brazil,79.7,4,60,2169.0
10291,QUEDE,6,1996-08-27,Brazil,6.4,3,46,497.52
10292,TRADH,1,1996-08-28,Brazil,1.35,1,20,1296.0
10293,TORTU,1,1996-08-29,Mexico,21.18,4,33,848.7
10294,RATTC,4,1996-08-30,USA,147.26,5,75,1887.6
10295,VINET,2,1996-09-02,France,1.15,1,4,121.6
10296,LILAS,6,1996-09-03,Venezuela,0.12,3,57,1050.6
10297,BLONP,5,1996-09-04,France,5.74,2,80,1420.0
10298,HUNGO,6,1996-09-05,Ireland,168.22,4,125,2645.0
10299,RICAR,4,1996-09-06,Brazil,29.76,2,35,349.5
10300,MAGAA,2,1996-09-09,Italy,17.68,2,50,608.0
10301,WANDK,8,1996-09-09,Germany,45.08,2,30,755.0
10302,SUPRD,4,1996-09-10,Belgium,6.27,3,80,2708.8
10303,GODOS,7,1996-09-11,Spain,107.83,3,85,1117.8
10304,TORTU,1,1996-09-12,Mexico,63.79,3,42,954.4
10305,OLDWO,8,1996-09-13,USA,257.62,3,80,3741.3
10306,ROMEY,1,1996-09-16,Spain,7.56,3,25,498.5
10307,LONEP,2,1996-09-17,USA,0.56,2,13,424.0
10308,ANATR,7,1996-09-18,Mexico,1.61,2,6,88.8
10309,HUNGO,3,1996-09-19,Ireland,47.3,5,75,1762.0
10310,THEBI,8,1996-09-20,USA,17.52,2,15,336.0
10311,DUMON,1,1996-09-20,France,24.69,2,13,268.8
10312,WANDK,2,1996-09-23,Germany,40.26,4,58,1614.8
10313,QUICK,2,1996-09-24,Germany,1.96,1,12,182.4
10314,RATTC,1,1996-09-25,USA,74.16,3,95,2094.3
10315,ISLAT,4,1996-09-26,UK,41.76,2,44,516.8
10316,RATTC,1,1996-09-27,USA,150.15,2,80,2835.0
10317,LONEP,6,1996-09-30,USA,12.69,1,20,288.0
10318,ISLAT,8,1996-10-01,UK,4.73,2,26,240.4
10319,TORTU,7,1996-10-02,Mexico,64.5,3,52,1191.2
10320,WARTH,5,1996-10-03,Finland,34.57,1,30,516.0
10321,ISLAT,3,1996-10-03,UK,3.43,1,10,144.0
10322,PERIC,7,1996-10-04,Mexico,0.4,1,20,112.0
10323,KOENE,4,1996-10-07,Germany,4.88,3,13,164.4
10324,SAVEA,9,1996-10-08,USA,214.27,5,241,5275.715
10325,KOENE,1,1996-10-09,Germany,64.86,5,71,1497.0
10326,BOLID,4,1996-10-10,Spain,77.92,3,90,982.0
10327,FOLKO,2,1996-10-11,Sweden,63.36,4,140,1810.0
10328,FURIB,4,1996-10-14,Portugal,87.03,3,59,1168.0
10329,SPLIR,4,1996-10-15,USA,191.67,4,50,4578.43
10330,LILAS,3,1996-10-16,Venezuela,12.75,2,75,1649.0
10331,BONAP,9,1996-10-16,France,10.19,1,15,88.5
10332,MEREP,3,1996-10-17,Canada,52.84,3,66,1786.88
10333,WARTH,5,1996-10-18,Finland,0.59,3,60,877.2
10334,VICTE,8,1996-10-21,France,8.56,2,18,144.8
10335,HUNGO,7,1996-10-22,Ireland,42.11,4,86,2036.16
10336,PRINI,7,1996-10-23,Portugal,15.51,1,18,285.12
10337,FRANK,4,1996-10-24,Germany,108.26,5,137,2467.0
10338,OLDWO,4,1996-10-25,USA,84.21,2,35,934.5
10339,MEREP,2,1996-10-28,Canada,15.66,3,108,3354.0
10340,BONAP,1,1996-10-29,France,166.31,3,72,2436.18
10341,SIMOB,7,1996-10-29,Denmark,26.78,2,17,352.6
10342,FRANK,4,1996-10-30,Germany,54.83,4,160,1840.64
10343,LEHMS,4,1996-10-31,Germany,110.37,3,69,1584.0
10344,WHITC,4,1996-11-01,USA,23.29,2,105,2296.0
10345,QUICK,2,1996-11-04,Germany,249.06,3,159,2924.8
10346,RATTC,3,1996-11-05,USA,142.08,2,56,1618.88
10347,FAMIA,4,1996-11-06,Brazil,3.1,4,70,814.42
10348,WANDK,4,1996-11-07,Germany,0.78,2,40,363.6
10349,SPLIR,7,1996-11-08,USA,8.63,1,24,141.6
10350,LAMAI,6,1996-11-11,France,64.19,2,33,642.06
10351,ERNSH,1,1996-11-11,Austria,162.33,4,120,5398.725
10352,FURIB,3,1996-11-12,Portugal,1.3,2,30,136.3
10353,PICCO,7,1996-11-13,Austria,360.63,2,62,8593.28
10354,PERIC,8,1996-11-14,Mexico,53.8,2,16,568.8
10355,AROUT,6,1996-11-15,UK,41.95,2,50,480.0
10356,WANDK,6,1996-11-18,Germany,36.71,3,62,1106.4
10357,LILAS,1,1996-11-19,Venezuela,34.88,3,54,1167.68
10358,LAMAI,5,1996-11-20,France,19.64,3,40,429.4
10359,SEVES,5,1996-11-21,UK,288.43,3,206,3471.68
10360,BLONP,4,1996-11-22,France,131.7,5,138,7390.2
10361,QUICK,1,1996-11-22,Germany,183.17,2,109,2046.24
10362,BONAP,3,1996-11-25,France,96.04,3,94,1549.6
10363,DRACD,4,1996-11-26,Germany,30.54,3,44,447.2
10364,EASTC,1,1996-11-26,UK,71.97,2,35,950.0
10365,ANTON,3,1996-11-27,Mexico,22.0,1,24,403.2
10366,GALED,8,1996-11-28,Spain,10.14,2,10,136.0
10367,VAFFE,7,1996-11-28,Denmark,13.55,4,76,834.2
10368,ERNSH,2,1996-11-29,Austria,101.95,4,78,1689.78
10369,SPLIR,8,1996-12-02,USA,195.68,2,38,2390.4
10370,CHOPS,6,1996-12-03,Switzerland,1.17,3,65,1117.6
10371,LAMAI,1,1996-12-03,France,0.45,1,6,72.96
10372,QUEEN,5,1996-12-04,Brazil,890.78,4,164,9210.9
10373,HUNGO,4,1996-12-05,Ireland,124.12,2,130,1366.4
10374,WOLZA,1,1996-12-05,Poland,3.94,2,45,459.0
10375,HUNGC,3,1996-12-06,USA,20.12,2,25,338.0
10376,MEREP,1,1996-12-09,Canada,20.39,1,42,399.0
10377,SEVES,1,1996-12-09,UK,22.21,2,40,863.6
10378,FOLKO,5,1996-12-10,Sweden,5.44,1,6,103.2
10379,QUEDE,2,1996-12-11,Brazil,45.03,3,44,863.28
10380,HUNGO,8,1996-12-12,Ireland,35.03,4,74,1313.82
10381,LILAS,3,1996-12-12,Venezuela,7.99,1,14,112.0
10382,ERNSH,4,1996-12-13,Austria,94.77,5,165,2900.0
10383,AROUT,8,1996-12-16,UK,34.24,3,55,899.0
10384,BERGS,3,1996-12-16,Sweden,168.64,2,43,2222.4
10385,SPLIR,1,1996-12-17,USA,30.96,3,38,691.2
10386,FAMIA,9,1996-12-18,Brazil,13.99,2,25,166.0
10387,SANTG,1,1996-12-18,Norway,93.63,4,48,1058.4
10388,SEVES,2,1996-12-19,UK,34.86,3,75,1228.8
10389,BOTTM,4,1996-12-20,Canada,47.42,4,81,1832.8
10390,ERNSH,6,1996-12-23,Austria,126.38,4,169,2090.88
10391,DRACD,3,1996-12-23,Germany,5.45,1,18,86.4
10392,PICCO,2,1996-12-24,Austria,122.46,1,50,1440.0
10393,SAVEA,1,1996-12-25,USA,126.56,5,176,2556.95
10394,HUNGC,1,1996-12-25,USA,30.34,2,20,442.0
10395,HILAA,6,1996-12-26,Venezuela,184.41,3,106,2122.92
10396,FRANK,1,1996-12-27,Germany,135.35,3,121,1903.8
10397,PRINI,5,1996-12-27,Portugal,60.26,2,28,716.72
10398,SAVEA,2,1996-12-30,USA,89.16,2,150,2505.6
10399,VAFFE,8,1996-12-31,Denmark,27.36,4,139,1765.6
10400,EASTC,1,1997-01-01,UK,83.93,3,86,3063.0
10401,RATTC,1,1997-01-01,USA,12.51,4,168,3868.6
10402,ERNSH,8,1997-01-02,Austria,67.88,2,125,2713.5
10403,ERNSH,4,1997-01-03,Austria,73.79,2,91,855.015
10404,MAGAA,2,1997-01-03,Italy,155.97,3,100,1591.25
10405,LINOD,1,1997-01-06,Venezuela,34.82,1,50,400.0
10406,QUEEN,7,1997-01-07,Brazil,108.04,5,89,1830.78
10407,OTTIK,2,1997-01-07,Germany,91.48,3,60,1194.0
10408,FOLIG,8,1997-01-08,France,11.26,3,51,1622.4
10409,OCEAN,3,1997-01-09,Argentina,29.83,2,24,319.2
10410,BOTTM,3,1997-01-10,Canada,2.4,2,65,802.0
10411,BOTTM,9,1997-01-10,Canada,23.65,3,74,966.8
10412,WARTH,8,1997-01-13,Finland,3.77,1,20,334.8
10413,LAMAI,3,1997-01-14,France,95.66,3,78,2123.2
10414,FAMIA,2,1997-01-14,Brazil,21.48,2,68,224.83
10415,HUNGC,3,1997-01-15,USA,0.2,2,22,102.4
10416,WARTH,8,1997-01-16,Finland,22.72,3,50,720.0
10417,SIMOB,4,1997-01-16,Denmark,70.29,4,123,11188.4
10418,QUICK,4,1997-01-17,Germany,17.55,4,146,1814.8
10419,RICSU,4,1997-01-20,Switzerland,137.35,2,80,2097.6
10420,WELLI,3,1997-01-21,Brazil,44.12,4,50,1707.84
10421,QUEDE,8,1997-01-21,Brazil,99.23,4,59,1194.27
10422,FRANS,2,1997-01-22,Italy,3.02,1,2,49.8
10423,GOURL,6,1997-01-23,Brazil,24.5,2,34,1020.0
10424,MEREP,7,1997-01-23,Canada,370.61,3,139,9194.56
10425,LAMAI,6,1997-01-24,France,7.93,2,30,360.0
10426,GALED,4,1997-01-27,Spain,18.69,2,12,338.2
10427,PICCO,4,1997-01-27,Austria,31.29,1,35,651.0
10428,REGGC,7,1997-01-28,Italy,11.09,1,20,192.0
10429,HUNGO,3,1997-01-29,Ireland,56.63,2,75,1441.375
10430,ERNSH,4,1997-01-30,Austria,458.78,4,195,4899.2
10431,BOTTM,4,1997-01-30,Canada,44.17,3,130,1892.25
10432,SPLIR,3,1997-01-31,USA,4.34,2,50,485.0
10433,PRINI,3,1997-02-03,Portugal,73.83,1,28,851.2
10434,FOLKO,3,1997-02-03,Sweden,17.92,2,24,321.12
10435,CONSH,8,1997-02-04,UK,9.21,3,32,631.6
10436,BLONP,3,1997-02-05,France,156.66,4,99,1994.52
10437,WARTH,8,1997-02-05,Finland,19.97,1,15,393.0
10438,TOMSP,3,1997-02-06,Germany,8.24,3,50,454.0
10439,MEREP,6,1997-02-07,Canada,4.07,4,67,1078.0
10440,SAVEA,4,1997-02-10,USA,86.53,4,208,4924.135
10441,OLDWO,3,1997-02-10,USA,73.02,1,50,1755.0
10442,ERNSH,3,1997-02-11,Austria,47.94,3,170,1792.0
10443,REGGC,8,1997-02-12,Italy,13.95,2,18,517.44
10444,BERGS,3,1997-02-12,Sweden,3.5,4,63,1031.7
10445,BERGS,3,1997-02-13,Sweden,9.3,2,21,174.9
10446,TOMSP,6,1997-02-14,Germany,14.68,4,50,246.24
10447,RICAR,4,1997-02-14,Brazil,68.66,3,77,914.4
10448,RANCH,4,1997-02-17,Argentina,38.82,2,26,443.4
10449,BLONP,3,1997-02-18,France,53.3,3,69,1838.2
10450,VICTE,8,1997-02-19,France,7.23,2,26,425.12
10451,QUICK,4,1997-02-19,Germany,189.09,4,238,3849.66
10452,SAVEA,8,1997-02-20,USA,140.26,2,115,2018.5
10453,AROUT,1,1997-02-21,UK,25.36,2,40,407.7
10454,LAMAI,4,1997-02-21,France,2.74,3,50,331.2
10455,WARTH,8,1997-02-24,Finland,180.45,4,125,2684.0
10456,KOENE,8,1997-02-25,Germany,8.12,2,61,557.6
10457,KOENE,2,1997-02-25,Germany,11.57,1,36,1584.0
10458,SUPRD,7,1997-02-26,Belgium,147.06,5,145,3891.0
10459,VICTE,4,1997-02-27,France,25.09,3,76,1659.2
10460,FOLKO,8,1997-02-28,Sweden,16.27,2,25,176.1
10461,LILAS,1,1997-02-28,Venezuela,148.61,3,128,1538.7
10462,CONSH,2,1997-03-03,UK,6.17,2,22,156.0
10463,SUPRD,5,1997-03-04,Belgium,14.78,2,71,713.3
10464,FURIB,4,1997-03-04,Portugal,89.0,4,69,1609.28
10465,VAFFE,1,1997-03-05,Denmark,145.04,5,118,2518.0
10466,COMMI,4,1997-03-06,Brazil,11.93,2,15,216.0
10467,MAGAA,8,1997-03-06,Italy,4.93,2,40,235.2
10468,KOENE,3,1997-03-07,Germany,44.12,2,23,717.6
10469,WHITC,1,1997-03-10,USA,60.18,3,77,956.675
10470,BONAP,4,1997-03-11,France,64.56,3,53,1820.8
10471,BSBEV,2,1997-03-11,UK,45.59,2,50,1328.0
10472,SEVES,8,1997-03-12,UK,4.2,2,98,1036.8
10473,ISLAT,1,1997-03-13,UK,16.37,2,24,230.4
10474,PERIC,5,1997-03-13,Mexico,83.49,4,61,1249.1
10475,SUPRD,9,1997-03-14,Belgium,68.52,3,137,1505.18
10476,HILAA,8,1997-03-17,Venezuela,4.41,2,14,180.48
10477,PRINI,5,1997-03-17,Portugal,13.02,3,56,558.0
10478,VICTE,2,1997-03-18,France,4.81,1,20,471.2
10479,RATTC,3,1997-03-19,USA,708.95,4,148,10495.6
10480,FOLIG,6,1997-03-20,France,1.35,2,42,756.0
10481,RICAR,8,1997-03-20,Brazil,64.33,2,64,1472.0
10482,LAZYK,1,1997-03-21,USA,7.48,1,10,147.0
10483,WHITC,7,1997-03-24,USA,15.28,2,65,668.8
10484,BSBEV,3,1997-03-24,UK,6.88,3,27,386.2
10485,LINOD,4,1997-03-25,Venezuela,64.45,4,130,1584.0
10486,HILAA,1,1997-03-26,Venezuela,30.53,3,46,1272.0
10487,QUEEN,2,1997-03-26,Brazil,71.07,3,59,889.7
10488,FRANK,8,1997-03-27,Germany,4.93,2,50,1512.0
10489,PICCO,6,1997-03-28,Austria,5.29,2,33,439.2
10490,HILAA,7,1997-03-31,Venezuela,210.19,3,126,3163.2
10491,FURIB,8,1997-03-31,Portugal,16.96,2,22,259.505
10492,BOTTM,3,1997-04-01,Canada,62.89,2,80,851.2
10493,LAMAI,4,1997-04-02,France,10.64,3,35,608.4
10494,COMMI,4,1997-04-02,Brazil,65.99,1,30,912.0
10495,LAUGB,3,1997-04-03,Canada,4.65,3,35,278.0
10496,TRADH,7,1997-04-04,Brazil,46.77,1,20,190.0
10497,LEHMS,7,1997-04-04,Germany,36.21,3,64,1380.6
10498,HILAA,8,1997-04-07,Venezuela,29.75,3,49,575.0
10499,LILAS,4,1997-04-08,Venezuela,102.02,2,45,1412.0
10500,LAMAI,6,1997-04-09,France,42.68,2,20,523.26
10501,BLAUS,9,1997-04-09,Germany,8.85,1,20,149.0
10502,PERIC,2,1997-04-10,Mexico,69.32,3,57,816.3
10503,HUNGO,6,1997-04-11,Ireland,16.74,2,90,2048.5
10504,WHITC,4,1997-04-11,USA,59.13,4,59,1388.5
10505,MEREP,3,1997-04-14,Canada,7.13,1,3,147.9
10506,KOENE,9,1997-04-15,Germany,21.19,2,32,415.8
10507,ANTON,7,1997-04-15,Mexico,47.45,2,30,749.0625
10508,OTTIK,1,1997-04-16,Germany,4.99,2,20,240.0
10509,BLAUS,4,1997-04-17,Germany,0.15,1,3,136.8
10510,SAVEA,6,1997-04-18,USA,367.63,2,72,4707.54
10511,BONAP,4,1997-04-18,France,350.64,3,110,2550.0
10512,FAMIA,7,1997-04-21,Brazil,3.53,4,37,525.3
10513,WANDK,7,1997-04-22,Germany,105.65,3,105,1942.0
10514,ERNSH,3,1997-04-22,Austria,789.95,5,233,8623.45
10515,QUICK,2,1997-04-23,Germany,204.47,5,286,9921.3
10516,HUNGO,2,1997-04-24,Ireland,62.78,3,125,2381.05
10517,NORTS,3,1997-04-24,UK,32.07,3,16,352.0
10518,TORTU,4,1997-04-25,Mexico,218.15,3,29,4150.05
10519,CHOPS,6,1997-04-28,Switzerland,91.76,3,66,2314.2
10520,SANTG,7,1997-04-29,Norway,13.37,2,13,200.0
10521,CACTU,8,1997-04-29,Argentina,17.22,3,19,225.5
10522,LEHMS,4,1997-04-30,Germany,45.33,4,109,2318.24
10523,SEVES,7,1997-05-01,UK,77.63,4,64,2444.31
10524,BERGS,1,1997-05-01,Sweden,244.79,4,87,3192.65
10525,BONAP,1,1997-05-02,France,11.06,2,45,818.4
10526,WARTH,4,1997-05-05,Finland,58.59,3,48,1151.4
10527,QUICK,7,1997-05-05,Germany,41.9,2,80,1503.0
10528,GREAL,6,1997-05-06,USA,3.35,3,20,392.2
10529,MAISD,5,1997-05-07,Belgium,66.69,3,44,946.0
10530,PICCO,3,1997-05-08,Austria,339.22,4,135,4180.0
10531,OCEAN,7,1997-05-08,Argentina,8.12,1,2,110.0
10532,EASTC,7,1997-05-09,UK,74.46,2,39,796.35
10533,FOLKO,8,1997-05-12,Sweden,188.04,3,98,2222.2
10534,LEHMS,8,1997-05-12,Germany,27.94,3,30,465.7
10535,ANTON,4,1997-05-13,Mexico,15.64,4,80,1940.85
10536,LEHMS,3,1997-05-14,Germany,58.88,4,100,1645.0
10537,RICSU,1,1997-05-14,Switzerland,78.85,5,86,1823.8
10538,BSBEV,9,1997-05-15,UK,4.87,2,8,139.8
10539,BSBEV,6,1997-05-16,UK,12.36,4,44,355.5
10540,QUICK,3,1997-05-19,Germany,1007.64,4,165,10191.7
10541,HANAR,2,1997-05-19,Brazil,68.65,4,84,1946.52
10542,KOENE,1,1997-05-20,Germany,10.95,2,39,469.11
10543,LILAS,8,1997-05-21,Venezuela,48.17,2,100,1504.5
10544,LONEP,4,1997-05-21,USA,24.91,2,14,417.2
10545,LAZYK,8,1997-05-22,USA,11.92,1,10,210.0
10546,VICTE,1,1997-05-23,France,194.72,3,80,2812.0
10547,SEVES,3,1997-05-23,UK,178.43,2,84,1792.8
10548,TOMSP,3,1997-05-26,Germany,1.43,2,24,240.1
10549,QUICK,5,1997-05-27,Germany,171.24,3,203,3554.275
10550,GODOS,7,1997-05-28,Spain,4.32,4,34,683.3
10551,FURIB,4,1997-05-28,Portugal,72.95,3,100,1677.3
10552,HILAA,2,1997-05-29,Venezuela,83.22,2,48,880.5
10553,WARTH,2,1997-05-30,Finland,149.49,5,89,1546.3
10554,OTTIK,4,1997-05-30,Germany,120.97,4,80,1728.525
10555,SAVEA,6,1997-06-02,USA,252.49,5,143,2944.4
10556,SIMOB,2,1997-06-03,Denmark,9.8,1,24,835.2
10557,LEHMS,9,1997-06-03,Germany,96.72,2,50,1152.5
10558,AROUT,1,1997-06-04,UK,72.97,5,96,2142.9
10559,BLONP,6,1997-06-05,France,8.05,2,30,520.41
10560,FRANK,8,1997-06-06,Germany,36.65,2,35,1072.425
10561,FOLKO,2,1997-06-06,Sweden,242.21,2,60,2844.5
10562,REGGC,1,1997-06-09,Italy,22.95,2,30,488.7
10563,RICAR,2,1997-06-10,Brazil,60.43,2,95,965.0
10564,RATTC,4,1997-06-10,USA,13.75,3,47,1234.05
10565,MEREP,8,1997-06-11,Canada,7.15,2,43,639.9
10566,BLONP,9,1997-06-12,France,88.4,3,63,1761.0
10567,HUNGO,1,1997-06-12,Ireland,33.97,3,103,2519.0
10568,GALED,3,1997-06-13,Spain,6.54,1,5,155.0
10569,RATTC,5,1997-06-16,USA,58.98,2,65,890.0
10570,MEREP,3,1997-06-17,Canada,188.99,2,75,2465.25
10571,ERNSH,8,1997-06-17,Austria,26.06,2,39,550.5875
10572,BERGS,3,1997-06-18,Sweden,116.43,4,87,1501.085
10573,ANTON,7,1997-06-19,Mexico,84.84,3,83,2082.0
10574,TRAIH,4,1997-06-19,USA,37.6,4,32,764.3
10575,MORGK,5,1997-06-20,Germany,127.34,4,58,2147.4
10576,TORTU,3,1997-06-23,Mexico,18.56,3,51,838.45
10577,TRAIH,9,1997-06-23,USA,25.41,3,48,569.0
10578,BSBEV,4,1997-06-24,UK,29.6,2,26,477.0
10579,LETSS,1,1997-06-25,USA,13.73,2,31,317.75
10580,OTTIK,4,1997-06-26,Germany,75.89,3,54,1013.745
10581,FAMIA,3,1997-06-26,Brazil,3.01,1,50,310.0
10582,BLAUS,3,1997-06-27,Germany,27.71,2,18,330.0
10583,WARTH,2,1997-06-30,Finland,7.28,3,44,2237.5
10584,BLONP,4,1997-06-30,France,59.14,1,50,593.75
10585,WELLI,7,1997-07-01,Brazil,13.41,1,15,142.5
10586,REGGC,9,1997-07-02,Italy,0.48,1,4,23.8
10587,QUEDE,1,1997-07-02,Brazil,62.52,3,46,807.38
10588,QUICK,2,1997-07-03,Germany,194.67,2,140,3120.0
10589,GREAL,8,1997-07-04,USA,4.42,1,4,72.0
10590,MEREP,4,1997-07-07,Canada,44.77,2,80,1101.0
10591,VAFFE,1,1997-07-07,Denmark,55.92,3,74,812.5
10592,LEHMS,3,1997-07-08,Germany,32.1,2,30,516.4675
10593,LEHMS,7,1997-07-09,Germany,174.2,3,45,1994.4
10594,OLDWO,3,1997-07-09,USA,5.24,2,54,565.5
10595,ERNSH,2,1997-07-10,Austria,96.78,3,215,4725.0
10596,WHITC,8,1997-07-11,USA,16.34,3,59,1180.88
10597,PICCO,7,1997-07-11,Austria,35.12,3,67,718.08
10598,RATTC,1,1997-07-14,USA,44.42,2,59,2388.5
10599,BSBEV,6,1997-07-15,UK,29.98,1,10,493.0
10600,HUNGC,4,1997-07-16,USA,45.13,2,34,479.8
10601,HILAA,7,1997-07-16,Venezuela,58.3,2,95,2285.0
10602,VAFFE,8,1997-07-17,Denmark,2.92,1,5,48.75
10603,SAVEA,8,1997-07-18,USA,48.77,2,73,1483.0
10604,FURIB,1,1997-07-18,Portugal,7.46,2,16,230.85
10605,MEREP,1,1997-07-21,Canada,379.13,4,135,4109.7
10606,TRADH,4,1997-07-22,Brazil,79.4,3,50,1130.4
10607,SAVEA,5,1997-07-22,USA,200.24,5,213,6475.4
10608,TOMSP,4,1997-07-23,Germany,27.79,1,28,1064.0
10609,DUMON,7,1997-07-24,France,1.85,3,19,424.0
10610,LAMAI,8,1997-07-25,France,26.78,1,21,299.25
10611,WOLZA,6,1997-07-25,Poland,80.65,3,31,808.0
10612,SAVEA,1,1997-07-28,USA,544.08,5,263,6375.0
10613,HILAA,4,1997-07-29,Venezuela,8.11,2,48,353.2
10614,BLAUS,8,1997-07-29,Germany,1.93,3,27,464.0
10615,WILMK,2,1997-07-30,Finland,0.75,1,5,120.0
10616,GREAL,1,1997-07-31,USA,116.53,4,59,4807.0
10617,GREAL,4,1997-07-31,USA,18.53,1,30,1402.5
10618,MEREP,1,1997-08-01,Canada,154.68,3,105,2697.5
10619,MEREP,3,1997-08-04,Canada,91.05,2,82,1260.0
10620,LAUGB,2,1997-08-05,Canada,0.94,2,10,57.5
10621,ISLAT,4,1997-08-05,UK,23.73,4,50,758.5
10622,RICAR,4,1997-08-06,Brazil,50.97,2,38,560.0
10623,FRANK,8,1997-08-07,Germany,97.18,5,94,1336.95
10624,THECR,4,1997-08-07,USA,94.8,3,26,1393.24
10625,ANATR,3,1997-08-08,Mexico,43.9,3,18,479.75
10626,BERGS,1,1997-08-11,Sweden,138.69,3,52,1503.6
10627,SAVEA,8,1997-08-11,USA,107.46,2,50,1185.75
10628,BLONP,4,1997-08-12,France,30.36,1,25,450.0
10629,GODOS,4,1997-08-12,Spain,85.46,2,29,2775.05
10630,KOENE,1,1997-08-13,Germany,32.35,2,47,903.6
10631,LAMAI,8,1997-08-14,France,0.87,1,8,55.8
10632,WANDK,8,1997-08-14,Germany,41.38,2,50,589.0
10633,ERNSH,7,1997-08-15,Austria,477.9,4,164,5510.5925
10634,FOLIG,4,1997-08-15,France,487.38,4,102,4985.5
10635,MAGAA,8,1997-08-18,Italy,47.46,3,65,1326.225
10636,WARTH,4,1997-08-19,Finland,1.15,2,31,629.5
10637,QUEEN,6,1997-08-19,Brazil,201.29,3,95,2761.9375
10638,LINOD,3,1997-08-20,Venezuela,158.44,3,101,2720.05
10639,SANTG,7,1997-08-20,Norway,38.64,1,8,500.0
10640,WANDK,4,1997-08-21,Germany,23.55,2,35,708.75
10641,HILAA,4,1997-08-22,Venezuela,179.61,2,110,2054.0
10642,SIMOB,7,1997-08-22,Denmark,41.89,2,50,696.0
10643,ALFKI,6,1997-08-25,Germany,29.46,3,38,814.5
10644,WELLI,3,1997-08-25,Brazil,0.14,3,45,1371.8
10645,HANAR,4,1997-08-26,Brazil,12.41,2,35,1535.0
10646,HUNGO,9,1997-08-27,Ireland,142.33,4,98,1446.0
10647,QUEDE,4,1997-08-27,Brazil,45.54,2,50,636.0
10648,RICAR,5,1997-08-28,Brazil,14.25,2,30,372.375
10649,MAISD,5,1997-08-28,Belgium,6.2,2,35,1434.0
10650,FAMIA,5,1997-08-29,Brazil,176.81,3,85,1779.2
10651,WANDK,8,1997-09-01,Germany,20.6,2,32,397.8
10652,GOURL,4,1997-09-01,Brazil,7.14,2,22,318.835
10653,FRANK,1,1997-09-02,Germany,93.25,2,50,1083.15
10654,BERGS,5,1997-09-02,Sweden,55.26,3,38,601.83
10655,REGGC,1,1997-09-03,Italy,4.41,1,20,154.4
10656,GREAL,6,1997-09-04,USA,57.15,3,37,604.215
10657,SAVEA,2,1997-09-04,USA,352.69,6,204,4371.6
10658,QUICK,4,1997-09-05,Germany,364.15,4,255,4464.6
10659,QUEEN,7,1997-09-05,Brazil,105.81,3,84,1227.02
10660,HUNGC,8,1997-09-08,USA,111.29,1,21,1701.0
10661,HUNGO,7,1997-09-09,Ireland,17.55,2,52,562.6
10662,LONEP,3,1997-09-09,USA,1.28,1,10,125.0
10663,BONAP,2,1997-09-10,France,113.15,3,80,1930.4
10664,FURIB,1,1997-09-10,Portugal,1.27,3,51,1288.3875
10665,LONEP,1,1997-09-11,USA,26.31,3,31,1295.0
10666,RICSU,7,1997-09-12,Switzerland,232.42,2,46,4666.94
10667,ERNSH,7,1997-09-12,Austria,78.09,2,59,1536.8
10668,WANDK,1,1997-09-15,Germany,47.22,3,27,625.275
10669,SIMOB,2,1997-09-15,Denmark,24.39,1,30,570.0
10670,FRANK,4,1997-09-16,Germany,203.48,5,192,2301.75
10671,FRANR,1,1997-09-17,France,30.34,3,32,920.1
10672,BERGS,9,1997-09-17,Sweden,95.75,2,27,3815.25
10673,WILMK,2,1997-09-18,Finland,22.76,3,15,412.35
10674,ISLAT,4,1997-09-18,UK,0.9,1,5,45.0
10675,FRANK,5,1997-09-19,Germany,31.85,3,70,1423.0
10676,TORTU,2,1997-09-22,Mexico,2.01,3,30,534.85
10677,ANTON,1,1997-09-22,Mexico,4.03,2,38,813.365
10678,SAVEA,7,1997-09-23,USA,388.98,4,280,5256.5
10679,BLONP,8,1997-09-23,France,27.94,1,12,660.0
10680,OLDWO,1,1997-09-24,USA,26.61,3,110,1261.875
10681,GREAL,3,1997-09-25,USA,76.13,3,70,1287.4
10682,ANTON,3,1997-09-25,Mexico,36.13,3,64,375.5
10683,DUMON,2,1997-09-26,France,4.4,1,9,63.0
10684,OTTIK,3,1997-09-26,Germany,145.63,3,90,1768.0
10685,GOURL,4,1997-09-29,Brazil,33.75,3,39,801.1
10686,PICCO,2,1997-09-30,Austria,96.5,2,45,1404.45
10687,HUNGO,9,1997-09-30,Ireland,296.43,3,66,4960.9
10688,VAFFE,4,1997-10-01,Denmark,299.09,3,92,3160.6
10689,BERGS,1,1997-10-01,Sweden,13.42,1,35,472.5
10690,HANAR,1,1997-10-02,Brazil,15.8,2,50,862.5
10691,QUICK,2,1997-10-03,Germany,810.05,5,182,10164.8
10692,ALFKI,4,1997-10-03,Germany,61.02,1,20,878.0
10693,WHITC,3,1997-10-06,USA,139.34,4,111,2071.2
10694,QUICK,8,1997-10-06,Germany,398.36,3,165,4825.0
10695,WILMK,7,1997-10-07,Finland,16.72,3,34,642.0
10696,WHITC,8,1997-10-08,USA,102.55,2,38,996.0
10697,LINOD,3,1997-10-08,Venezuela,45.52,4,76,805.425
10698,ERNSH,4,1997-10-09,Austria,272.47,5,108,3436.4435
10699,MORGK,3,1997-10-09,Germany,0.58,1,12,114.0
10700,SAVEA,3,1997-10-10,USA,65.1,4,117,1638.4
10701,HUNGO,6,1997-10-13,Ireland,220.31,3,97,2864.5
10702,ALFKI,4,1997-10-13,Germany,23.94,2,21,330.0
10703,FOLKO,6,1997-10-14,Sweden,152.3,3,75,2545.0
10704,QUEEN,6,1997-10-14,Brazil,4.78,3,65,595.5
10705,HILAA,9,1997-10-15,Venezuela,3.52,2,24,378.0
10706,OLDWO,8,1997-10-16,USA,135.63,3,52,1893.0
10707,AROUT,4,1997-10-16,UK,21.74,3,89,1641.0
10708,THEBI,6,1997-10-17,USA,2.96,2,9,180.4
10709,GOURL,1,1997-10-17,Brazil,210.8,3,78,3424.0
10710,FRANS,1,1997-10-20,Italy,4.98,2,10,93.5
10711,SAVEA,5,1997-10-21,USA,52.41,3,174,4451.7
10712,HUNGO,3,1997-10-21,Ireland,89.93,2,33,1233.48
10713,SAVEA,1,1997-10-22,USA,167.05,4,182,2827.9
10714,SAVEA,5,1997-10-22,USA,24.49,5,137,2205.75
10715,BONAP,3,1997-10-23,France,63.2,2,51,1296.0
10716,RANCH,4,1997-10-24,Argentina,22.57,3,22,706.0
10717,FRANK,1,1997-10-24,Germany,59.25,3,72,1270.75
10718,KOENE,1,1997-10-27,Germany,170.88,4,116,3463.0
10719,LETSS,8,1997-10-27,USA,51.44,3,55,844.2525
10720,QUEDE,8,1997-10-28,Brazil,9.53,2,29,550.0
10721,QUICK,5,1997-10-29,Germany,48.92,1,50,923.875
10722,SAVEA,8,1997-10-29,USA,74.58,4,140,1570.0
10723,WHITC,3,1997-10-30,USA,21.72,1,15,468.45
10724,MEREP,8,1997-10-30,Canada,57.75,2,21,638.5
10725,FAMIA,4,1997-10-31,Brazil,10.83,3,22,287.8
10726,EASTC,4,1997-11-03,UK,16.56,2,30,655.0
10727,REGGC,2,1997-11-03,Italy,89.9,3,40,1624.5
10728,QUEEN,4,1997-11-04,Brazil,58.33,4,48,1296.75
10729,LINOD,8,1997-11-04,Venezuela,141.06,3,120,1850.0
10730,BONAP,5,1997-11-05,France,20.12,3,28,484.2625
10731,CHOPS,7,1997-11-06,Switzerland,96.65,2,70,1890.5
10732,BONAP,3,1997-11-06,France,16.97,1,20,360.0
10733,BERGS,1,1997-11-07,Sweden,110.11,3,61,1459.0
10734,GOURL,2,1997-11-07,Brazil,1.63,3,65,1498.35
10735,LETSS,6,1997-11-10,USA,45.97,2,22,536.4
10736,HUNGO,9,1997-11-11,Ireland,44.1,2,60,997.0
10737,VINET,2,1997-11-11,France,7.79,2,16,139.8
10738,SPECD,2,1997-11-12,France,2.91,1,3,52.35
10739,VINET,3,1997-11-12,France,11.08,2,24,240.0
10740,WHITC,4,1997-11-13,USA,81.88,4,94,1416.0
10741,AROUT,4,1997-11-14,UK,10.96,1,15,228.0
10742,BOTTM,3,1997-11-14,Canada,243.73,3,105,3118.0
10743,AROUT,1,1997-11-17,UK,23.72,1,28,319.2
10744,VAFFE,6,1997-11-17,Denmark,69.19,1,50,736.0
10745,QUICK,9,1997-11-18,Germany,3.52,4,92,4529.8
10746,CHOPS,1,1997-11-19,Switzerland,31.43,4,83,2311.7
10747,PICCO,6,1997-11-19,Austria,117.33,4,82,1912.85
10748,SAVEA,3,1997-11-20,USA,232.55,3,112,2196.0
10749,ISLAT,4,1997-11-20,UK,61.53,3,31,1080.0
10750,WARTH,9,1997-11-21,Finland,79.3,3,70,1590.5625
10751,RICSU,3,1997-11-24,Switzerland,130.79,4,77,1631.484
10752,NORTS,2,1997-11-24,UK,1.39,2,11,252.0
10753,FRANS,3,1997-11-25,Italy,7.7,2,9,88.0
10754,MAGAA,6,1997-11-25,Italy,2.38,1,3,55.2
10755,BONAP,4,1997-11-26,France,16.71,4,99,1948.5
10756,SPLIR,8,1997-11-27,USA,73.21,4,67,1990.0
10757,SAVEA,6,1997-11-27,USA,8.19,4,91,3082.0
10758,RICSU,3,1997-11-28,Switzerland,138.17,3,120,1644.6
10759,ANATR,3,1997-11-28,Mexico,11.99,1,10,320.0
10760,MAISD,4,1997-12-01,Belgium,155.64,3,82,2917.0
10761,RATTC,5,1997-12-02,USA,18.66,2,53,507.0
10762,FOLKO,3,1997-12-02,Sweden,328.74,4,134,4337.0
10763,FOLIG,3,1997-12-03,France,37.35,3,66,616.0
10764,ERNSH,6,1997-12-03,Austria,145.45,2,150,2286.0
10765,QUICK,3,1997-12-04,Germany,42.74,1,80,1515.6
10766,OTTIK,4,1997-12-05,Germany,157.55,3,115,2310.0
10767,SUPRD,4,1997-12-05,Belgium,1.59,1,2,28.0
10768,AROUT,3,1997-12-08,UK,146.32,4,81,1477.0
10769,VAFFE,3,1997-12-08,Denmark,65.06,4,80,1684.275
10770,HANAR,8,1997-12-09,Brazil,5.32,1,15,236.25
10771,ERNSH,9,1997-12-10,Austria,11.19,1,16,344.0
10772,LEHMS,3,1997-12-10,Germany,91.28,2,43,3603.22
10773,ERNSH,1,1997-12-11,Austria,96.43,3,110,2030.4
10774,FOLKO,4,1997-12-11,Sweden,48.2,2,52,868.75
10775,THECR,7,1997-12-12,USA,20.25,2,9,228.0
10776,ERNSH,1,1997-12-15,Austria,351.53,4,175,6635.275
10777,GOURL,7,1997-12-15,Brazil,3.01,1,20,224.0
10778,BERGS,3,1997-12-16,Sweden,6.79,1,10,96.5
10779,MORGK,3,1997-12-16,Germany,58.13,2,40,1335.0
10780,LILAS,2,1997-12-16,Venezuela,42.13,2,50,720.0
10781,WARTH,2,1997-12-17,Finland,73.16,3,58,975.88
10782,CACTU,9,1997-12-17,Argentina,1.1,1,1,12.5
10783,HANAR,4,1997-12-18,Brazil,124.98,2,15,1442.5
10784,MAGAA,4,1997-12-18,Italy,70.09,3,62,1488.0
10785,GROSR,1,1997-12-18,Venezuela,1.51,2,20,387.5
10786,QUEEN,8,1997-12-19,Brazil,110.87,3,87,1531.08
10787,LAMAI,2,1997-12-19,France,249.93,2,35,2622.76
10788,QUICK,1,1997-12-22,Germany,42.7,2,90,731.5
10789,FOLIG,1,1997-12-22,France,100.6,4,93,3687.0
10790,GOURL,6,1997-12-22,Brazil,28.23,2,23,722.5
10791,FRANK,6,1997-12-23,Germany,16.85,2,34,1829.757
10792,WOLZA,1,1997-12-23,Poland,23.79,3,28,399.85
10793,AROUT,3,1997-12-24,UK,4.52,2,22,191.1
10794,QUEDE,6,1997-12-24,Brazil,21.49,2,21,314.76
10795,ERNSH,8,1997-12-24,Austria,126.66,2,100,2158.0
10796,HILAA,3,1997-12-25,Venezuela,26.52,4,90,2341.364
10797,DRACD,7,1997-12-25,Germany,33.35,1,20,420.0
10798,ISLAT,2,1997-12-26,UK,2.33,2,12,446.6
10799,KOENE,9,1997-12-26,Germany,30.76,3,65,1553.5
10800,SEVES,1,1997-12-26,UK,137.44,3,67,1468.935
10801,BOLID,4,1997-12-29,Spain,97.09,2,60,3026.85
10802,SIMOB,4,1997-12-29,Denmark,257.26,4,120,2942.8125
10803,WELLI,4,1997-12-30,Brazil,55.23,3,54,1193.01
10804,SEVES,6,1997-12-30,UK,27.33,3,64,2278.4
10805,THEBI,2,1997-12-30,USA,237.34,2,20,2775.0
10806,VICTE,3,1997-12-31,France,22.11,3,37,439.6
10807,FRANS,4,1997-12-31,Italy,1.36,1,1,18.4
10808,OLDWO,2,1998-01-01,USA,45.53,2,70,1411.0
10809,WELLI,7,1998-01-01,Brazil,4.87,1,20,140.0
10810,LAUGB,2,1998-01-01,Canada,4.33,3,17,187.0
10811,LINOD,8,1998-01-02,Venezuela,31.22,3,63,852.0
10812,REGGC,5,1998-01-02,Italy,59.78,3,76,1692.8
10813,RICAR,1,1998-01-05,Brazil,47.38,2,47,602.4
10814,VICTE,3,1998-01-05,France,130.94,4,78,1788.45
10815,SAVEA,2,1998-01-05,USA,14.62,1,16,40.0
10816,GREAL,4,1998-01-06,USA,719.78,2,50,8446.45
10817,KOENE,3,1998-01-06,Germany,306.07,4,155,10952.845
10818,MAGAA,7,1998-01-07,Italy,65.48,2,40,833.0
10819,CACTU,2,1998-01-07,Argentina,19.76,2,27,477.0
10820,RATTC,3,1998-01-07,USA,37.52,1,30,1140.0
10821,SPLIR,1,1998-01-08,USA,36.68,2,26,678.0
10822,TRAIH,6,1998-01-08,USA,7.0,2,9,237.9
10823,LILAS,5,1998-01-09,Venezuela,163.97,4,90,2826.0
10824,FOLKO,8,1998-01-09,Sweden,1.23,2,21,250.8
10825,DRACD,1,1998-01-09,Germany,79.25,2,32,1030.76
10826,BLONP,6,1998-01-12,France,7.09,2,50,730.0
10827,BONAP,1,1998-01-12,France,63.54,2,36,843.0
10828,RANCH,9,1998-01-13,Argentina,90.85,2,7,932.0
10829,ISLAT,9,1998-01-13,UK,154.72,4,61,1764.0
10830,TRADH,4,1998-01-13,Brazil,81.83,4,88,1974.0
10831,SANTG,3,1998-01-14,Norway,72.19,4,27,2684.4
10832,LAMAI,2,1998-01-14,France,43.26,4,32,475.11
10833,OTTIK,6,1998-01-15,Germany,71.49,3,38,906.93
10834,TRADH,1,1998-01-15,Brazil,29.78,2,28,1432.714
10835,ALFKI,1,1998-01-15,Germany,69.53,2,17,845.8
10836,ERNSH,7,1998-01-16,Austria,411.88,5,172,4705.5
10837,BERGS,9,1998-01-16,Sweden,13.32,4,92,1064.5
10838,LINOD,3,1998-01-19,Venezuela,59.28,3,79,1938.375
10839,TRADH,3,1998-01-19,Brazil,35.43,2,45,827.55
10840,LINOD,4,1998-01-19,Venezuela,2.71,2,16,211.2
10841,SUPRD,5,1998-01-20,Belgium,424.3,4,111,4581.0
10842,TORTU,1,1998-01-20,Mexico,54.42,4,52,975.0
10843,VICTE,4,1998-01-21,France,9.26,1,4,159.0
10844,PICCO,8,1998-01-21,Austria,25.22,1,35,735.0
10845,QUICK,8,1998-01-21,Germany,212.98,5,245,3812.7
10846,SUPRD,2,1998-01-22,Belgium,56.46,3,71,1112.0
10847,SAVEA,4,1998-01-22,USA,487.57,6,288,4931.92
10848,CONSH,7,1998-01-23,UK,38.24,2,33,931.5
10849,KOENE,9,1998-01-23,Germany,0.56,2,67,967.819
10850,VICTE,1,1998-01-23,France,49.19,3,54,629.0
10851,RICAR,5,1998-01-26,Brazil,160.55,4,67,2603.0
10852,RATTC,8,1998-01-26,USA,174.05,3,71,2984.0
10853,BLAUS,9,1998-01-27,Germany,53.83,1,10,625.0
10854,ERNSH,3,1998-01-27,Austria,100.22,2,165,2966.5
10855,OLDWO,3,1998-01-27,USA,170.97,4,103,2227.8875
10856,ANTON,3,1998-01-28,Mexico,58.43,2,40,660.0
10857,BERGS,8,1998-01-28,Sweden,188.85,3,75,2048.2125
10858,LACOR,2,1998-01-29,France,52.51,3,19,649.0
10859,FRANK,1,1998-01-29,Germany,76.1,3,105,1078.6875
10860,FRANR,3,1998-01-29,France,19.26,2,23,519.0
10861,WHITC,4,1998-01-30,USA,14.93,5,140,3523.4
10862,LEHMS,8,1998-01-30,Germany,53.23,2,33,581.0
10863,HILAA,4,1998-02-02,Venezuela,30.26,2,32,441.15
10864,AROUT,4,1998-02-02,UK,3.04,2,19,282.0
10865,QUICK,2,1998-02-02,Germany,348.14,2,140,16387.5
10866,BERGS,5,1998-02-03,Sweden,109.11,3,67,1096.2
10867,LONEP,6,1998-02-03,USA,1.93,1,3,98.4
10868,QUEEN,7,1998-02-04,Brazil,191.27,3,92,1920.6
10869,SEVES,5,1998-02-04,UK,143.28,4,120,1630.0
10870,WOLZA,5,1998-02-04,Poland,12.04,2,5,160.0
10871,BONAP,9,1998-02-05,France,112.27,3,78,1979.23
10872,GODOS,5,1998-02-05,Spain,175.32,4,66,2058.46
10873,WILMK,4,1998-02-06,Finland,0.82,2,23,336.8
10874,GODOS,5,1998-02-06,Spain,19.58,1,10,310.0
10875,BERGS,4,1998-02-06,Sweden,32.37,3,61,709.55
10876,BONAP,7,1998-02-09,France,60.42,2,41,917.0
10877,RICAR,1,1998-02-09,Brazil,38.06,2,55,1955.125
10878,QUICK,4,1998-02-10,Germany,46.69,1,20,1539.0
10879,WILMK,3,1998-02-10,Finland,8.5,3,32,611.3
10880,FOLKO,7,1998-02-10,Sweden,88.01,3,110,1500.0
10881,CACTU,4,1998-02-11,Argentina,2.84,1,10,150.0
10882,SAVEA,4,1998-02-11,USA,23.1,3,77,892.64
10883,LONEP,8,1998-02-12,USA,0.53,1,8,36.0
10884,LETSS,4,1998-02-12,USA,90.97,3,73,1378.07
10885,SUPRD,6,1998-02-12,Belgium,5.64,4,87,1209.0
10886,HANAR,1,1998-02-13,Brazil,4.99,3,145,3127.5
10887,GALED,8,1998-02-13,Spain,1.25,1,5,70.0
10888,GODOS,1,1998-02-16,Spain,51.87,2,38,605.0
10889,RATTC,9,1998-02-16,USA,280.61,2,80,11380.0
10890,DUMON,7,1998-02-16,France,32.76,3,39,860.1
10891,LEHMS,7,1998-02-17,Germany,20.37,1,15,368.9325
10892,MAISD,4,1998-02-17,Belgium,120.27,1,40,2090.0
10893,KOENE,9,1998-02-18,Germany,77.78,5,119,5502.11
10894,SAVEA,1,1998-02-18,USA,116.13,3,198,2753.1
10895,ERNSH,3,1998-02-18,Austria,162.75,4,346,6379.4
10896,MAISD,7,1998-02-19,Belgium,32.45,2,31,750.5
10897,HUNGO,3,1998-02-19,Ireland,603.54,2,116,10835.24
10898,OCEAN,4,1998-02-20,Argentina,1.27,1,5,30.0
10899,LILAS,5,1998-02-20,Venezuela,1.21,1,8,122.4
10900,WELLI,1,1998-02-20,Brazil,1.66,1,3,33.75
10901,HILAA,4,1998-02-23,Venezuela,62.09,2,60,934.5
10902,FOLKO,1,1998-02-23,Sweden,44.15,2,36,863.43
10903,HANAR,3,1998-02-24,Brazil,36.71,3,81,932.05
10904,WHITC,3,1998-02-24,USA,162.95,2,50,1924.25
10905,WELLI,9,1998-02-24,Brazil,13.72,1,20,342.0
10906,WOLZA,4,1998-02-25,Poland,26.29,1,15,427.5
10907,SPECD,6,1998-02-25,France,9.19,1,14,108.5
10908,REGGC,4,1998-02-26,Italy,32.96,2,34,663.1
10909,SANTG,1,1998-02-26,Norway,53.05,3,32,670.0
10910,WILMK,1,1998-02-26,Finland,38.11,3,27,452.9
10911,GODOS,3,1998-02-26,Spain,38.19,3,37,858.0
10912,HUNGO,2,1998-02-26,Ireland,580.91,2,100,6200.55
10913,QUEEN,4,1998-02-26,Brazil,33.05,3,85,768.75
10914,QUEEN,6,1998-02-27,Brazil,21.19,1,25,537.5
10915,TORTU,2,1998-02-27,Mexico,3.51,3,50,539.5
10916,RANCH,1,1998-02-27,Argentina,63.77,3,32,686.7
10917,ROMEY,4,1998-03-02,Spain,8.29,2,11,365.89
10918,BOTTM,3,1998-03-02,Canada,48.83,2,85,1447.5
10919,LINOD,2,1998-03-02,Venezuela,19.8,3,68,1122.8
10920,AROUT,4,1998-03-03,UK,29.61,1,24,390.0
10921,VAFFE,1,1998-03-03,Denmark,176.48,2,50,1936.0
10922,HANAR,5,1998-03-03,Brazil,62.74,2,50,742.5
10923,LAMAI,7,1998-03-03,France,68.26,3,44,748.8
10924,BERGS,3,1998-03-04,Sweden,151.52,3,56,1835.7
10925,HANAR,3,1998-03-04,Brazil,2.27,2,37,475.15
10926,ANATR,4,1998-03-04,Mexico,39.92,4,29,514.4
10927,LACOR,4,1998-03-05,France,19.79,3,30,800.0
10928,GALED,1,1998-03-05,Spain,1.36,2,10,137.5
10929,FRANK,6,1998-03-05,Germany,33.93,3,124,1174.75
10930,SUPRD,4,1998-03-06,Belgium,15.55,4,116,2255.5
10931,RICSU,4,1998-03-06,Switzerland,13.6,2,72,799.2
10932,BONAP,8,1998-03-06,France,134.64,4,80,1788.63
10933,ISLAT,6,1998-03-06,UK,54.15,2,32,920.6
10934,LEHMS,3,1998-03-09,Germany,32.01,1,20,500.0
10935,WELLI,4,1998-03-09,Brazil,47.59,3,33,619.5
10936,GREAL,3,1998-03-09,USA,33.68,1,30,456.0
10937,CACTU,7,1998-03-10,Argentina,31.51,2,28,644.8
10938,QUICK,3,1998-03-10,Germany,31.89,4,128,2731.875
10939,MAGAA,2,1998-03-10,Italy,76.33,2,50,637.5
10940,BONAP,8,1998-03-11,France,19.77,2,28,360.0
10941,SAVEA,7,1998-03-11,USA,400.81,4,204,4011.75
10942,REGGC,9,1998-03-11,Italy,17.95,1,28,560.0
10943,BSBEV,4,1998-03-11,UK,2.17,3,51,711.0
10944,BOTTM,6,1998-03-12,Canada,52.92,3,41,1025.325
10945,MORGK,4,1998-03-12,Germany,10.22,2,30,245.0
10946,VAFFE,1,1998-03-12,Denmark,27.2,3,90,1407.5
10947,BSBEV,3,1998-03-13,UK,3.26,1,4,220.0
10948,GODOS,3,1998-03-13,Spain,23.39,3,53,2362.25
10949,BOTTM,2,1998-03-13,Canada,74.44,4,108,4422.0
10950,MAGAA,1,1998-03-16,Italy,2.5,1,5,110.0
10951,RICSU,9,1998-03-16,Switzerland,30.85,3,71,458.755
10952,ALFKI,1,1998-03-16,Germany,40.42,2,18,471.2
10953,AROUT,9,1998-03-16,UK,23.72,2,100,4441.25
10954,LINOD,5,1998-03-17,Venezuela,27.91,4,107,1659.535
10955,FOLKO,8,1998-03-17,Sweden,3.26,1,12,74.4
10956,BLAUS,6,1998-03-17,Germany,44.65,3,34,677.0
10957,HILAA,8,1998-03-18,Venezuela,105.36,3,78,1762.7
10958,OCEAN,7,1998-03-18,Argentina,49.56,3,31,781.0
10959,GOURL,6,1998-03-18,Brazil,4.98,1,20,131.75
10960,HILAA,3,1998-03-19,Venezuela,2.08,2,34,265.35
10961,QUEEN,8,1998-03-19,Brazil,104.47,2,66,1119.9
10962,QUICK,8,1998-03-19,Germany,275.79,5,195,3584.0
10963,FURIB,9,1998-03-19,Portugal,2.7,1,2,57.8
10964,SPECD,3,1998-03-20,France,87.38,3,21,2052.5
10965,OLDWO,6,1998-03-20,USA,144.38,1,16,848.0
10966,CHOPS,4,1998-03-20,Switzerland,27.19,3,32,1098.46
10967,TOMSP,2,1998-03-23,Germany,62.22,2,52,910.4
10968,ERNSH,1,1998-03-23,Austria,74.6,3,64,1408.0
10969,COMMI,1,1998-03-23,Brazil,0.21,1,9,108.0
10970,BOLID,9,1998-03-24,Spain,16.16,1,40,224.0
10971,FRANR,2,1998-03-24,France,121.82,1,14,1733.06
10972,LACOR,4,1998-03-24,France,0.02,2,13,251.5
10973,LACOR,6,1998-03-24,France,15.17,3,21,291.55
10974,SPLIR,3,1998-03-25,USA,12.96,1,10,439.0
10975,BOTTM,1,1998-03-25,Canada,32.27,2,26,717.5
10976,HILAA,1,1998-03-25,Venezuela,37.97,1,20,912.0
10977,FOLKO,8,1998-03-26,Sweden,208.5,4,90,2233.0
10978,MAISD,9,1998-03-26,Belgium,32.82,4,76,1303.195
10979,ERNSH,8,1998-03-26,Austria,353.07,6,207,4813.5
10980,FOLKO,4,1998-03-27,Sweden,1.26,1,40,248.0
10981,HANAR,1,1998-03-27,Brazil,193.37,1,60,15810.0
10982,BOTTM,2,1998-03-27,Canada,14.01,2,29,1014.0
10983,SAVEA,2,1998-03-27,USA,657.54,2,99,720.9
10984,SAVEA,1,1998-03-30,USA,211.22,3,115,1809.75
10985,HUNGO,2,1998-03-30,Ireland,91.51,3,79,2023.38
10986,OCEAN,8,1998-03-30,Argentina,217.86,4,70,2220.0
10987,EASTC,8,1998-03-31,UK,185.48,3,86,2772.0
10988,RATTC,3,1998-03-31,USA,61.14,2,100,3574.8
10989,QUEDE,2,1998-03-31,Brazil,34.76,3,59,1353.6
10990,ERNSH,2,1998-04-01,Austria,117.61,4,256,4288.85
10991,QUICK,1,1998-04-01,Germany,38.51,3,160,2296.0
10992,THEBI,1,1998-04-01,USA,4.27,1,2,69.6
10993,FOLKO,7,1998-04-01,Sweden,8.81,2,85,4895.4375
10994,VAFFE,2,1998-04-02,Denmark,65.53,1,18,940.5
10995,PERIC,1,1998-04-02,Mexico,46.0,2,24,1196.0
10996,QUICK,4,1998-04-02,Germany,1.12,1,40,560.0
10997,LILAS,8,1998-04-03,Venezuela,73.91,3,90,1885.0
10998,WOLZA,8,1998-04-03,Poland,20.31,4,69,686.0
10999,OTTIK,6,1998-04-03,Germany,96.35,3,56,1197.95
11000,RATTC,2,1998-04-06,USA,55.12,3,85,903.75
11001,FOLKO,2,1998-04-06,Sweden,197.3,4,116,2769.0
11002,SAVEA,4,1998-04-06,USA,141.16,4,135,1811.1
11003,THECR,3,1998-04-06,USA,14.91,3,24,326.0
11004,MAISD,3,1998-04-07,Belgium,44.84,2,12,295.38
11005,WILMK,2,1998-04-07,Finland,0.75,2,12,586.0
11006,GREAL,3,1998-04-07,USA,25.19,2,10,329.685
11007,PRINI,8,1998-04-08,Portugal,202.24,3,54,2633.9
11008,ERNSH,7,1998-04-08,Austria,79.46,3,181,4680.9
11009,GODOS,2,1998-04-08,Spain,59.11,3,39,616.5
11010,REGGC,2,1998-04-09,Italy,28.71,2,30,645.0
11011,ALFKI,3,1998-04-09,Germany,1.21,2,60,933.5
11012,FRANK,1,1998-04-09,Germany,242.95,3,146,2825.3
11013,ROMEY,2,1998-04-09,Spain,32.99,4,36,361.0
11014,LINOD,2,1998-04-10,Venezuela,23.6,1,28,243.18
11015,SANTG,2,1998-04-10,Norway,4.62,2,33,622.35
11016,AROUT,9,1998-04-10,UK,33.8,2,31,491.5
11017,ERNSH,9,1998-04-13,Austria,754.26,3,165,6750.0
11018,LONEP,4,1998-04-13,USA,11.65,3,35,1575.0
11019,RANCH,6,1998-04-13,Argentina,3.17,2,5,76.0
11020,OTTIK,2,1998-04-14,Germany,43.3,1,24,632.4
11021,QUICK,3,1998-04-14,Germany,297.18,5,168,6306.24
11022,HANAR,9,1998-04-14,Brazil,6.27,2,65,1402.0
11023,BSBEV,1,1998-04-14,UK,123.83,2,34,1500.0
11024,EASTC,4,1998-04-15,UK,74.36,4,113,1966.81
11025,WARTH,6,1998-04-15,Finland,29.17,2,30,270.0
11026,FRANS,4,1998-04-15,Italy,47.09,2,18,1030.0
11027,BOTTM,1,1998-04-16,Canada,52.52,2,51,877.725
11028,KOENE,2,1998-04-16,Germany,29.59,2,59,2160.0
11029,CHOPS,4,1998-04-16,Switzerland,47.84,2,32,1286.8
11030,SAVEA,7,1998-04-17,USA,830.75,4,330,12615.05
11031,SAVEA,6,1998-04-17,USA,227.22,5,182,2393.5
11032,WHITC,2,1998-04-17,USA,606.19,3,90,8902.5
11033,RICSU,7,1998-04-17,Switzerland,84.74,2,106,3232.8
11034,OLDWO,8,1998-04-20,USA,40.32,3,33,539.4
11035,SUPRD,2,1998-04-20,Belgium,0.17,4,110,1754.5
11036,DRACD,8,1998-04-20,Germany,149.47,2,37,1692.0
11037,GODOS,7,1998-04-21,Spain,3.2,1,4,60.0
11038,SUPRD,1,1998-04-21,Belgium,29.59,3,37,732.6
11039,LINOD,1,1998-04-21,Venezuela,65.0,4,132,3090.0
11040,GREAL,4,1998-04-22,USA,18.84,1,20,200.0
11041,CHOPS,3,1998-04-22,Switzerland,48.22,2,60,1773.0
11042,COMMI,2,1998-04-22,Brazil,29.99,2,19,405.75
11043,SPECD,5,1998-04-22,France,8.8,1,10,210.0
11044,WOLZA,4,1998-04-23,Poland,8.72,1,12,591.6
11045,BOTTM,6,1998-04-23,Canada,70.58,2,39,1309.5
11046,WANDK,8,1998-04-23,Germany,71.64,3,53,1485.8
11047,EASTC,7,1998-04-24,UK,46.62,2,55,817.875
11048,BOTTM,7,1998-04-24,Canada,24.12,1,42,525.0
11049,GOURL,3,1998-04-24,Brazil,8.34,2,14,273.6
11050,FOLKO,8,1998-04-27,Sweden,59.41,1,50,810.0
11051,LAMAI,7,1998-04-27,France,2.79,1,10,36.0
11052,HANAR,3,1998-04-27,Brazil,67.26,2,40,1332.0
11053,PICCO,2,1998-04-27,Austria,53.05,3,80,3055.0
11054,CACTU,8,1998-04-28,Argentina,0.33,2,30,305.0
11055,HILAA,7,1998-04-28,Venezuela,120.92,4,70,1727.5
11056,EASTC,8,1998-04-28,UK,278.96,3,125,3740.0
11057,NORTS,3,1998-04-29,UK,4.13,1,3,45.0
11058,BLAUS,9,1998-04-29,Germany,31.14,3,28,858.0
11059,RICAR,2,1998-04-29,Brazil,85.8,3,77,1838.0
11060,FRANS,2,1998-04-30,Italy,10.98,2,14,266.0
11061,GREAL,4,1998-04-30,USA,14.01,1,15,510.0
11062,REGGC,4,1998-04-30,Italy,29.93,2,22,406.4
11063,HUNGO,3,1998-04-30,Ireland,81.73,3,100,1342.95
11064,SAVEA,1,1998-05-01,USA,30.09,5,173,4330.4
11065,LILAS,8,1998-05-01,Venezuela,12.91,2,24,189.42
11066,WHITC,7,1998-05-01,USA,44.72,3,80,928.75
11067,DRACD,1,1998-05-04,Germany,7.98,1,9,86.85
11068,QUEEN,8,1998-05-04,Brazil,81.75,3,72,2027.08
11069,TORTU,1,1998-05-04,Mexico,15.67,1,20,360.0
11070,LEHMS,2,1998-05-05,Germany,136.0,4,110,1629.975
11071,LILAS,1,1998-05-05,Venezuela,0.93,2,25,484.5
11072,ERNSH,4,1998-05-05,Austria,258.64,4,200,5218.0
11073,PERIC,2,1998-05-05,Mexico,24.95,2,30,300.0
11074,SIMOB,7,1998-05-06,Denmark,18.44,1,14,232.085
11075,RICSU,8,1998-05-06,Switzerland,6.19,3,42,498.1
11076,BONAP,4,1998-05-06,France,38.28,3,50,792.75
11077,RATTC,1,1998-05-06,USA,8.53,25,72,1255.7205
